x1,x2,x3,y
-0.4739898476762021,0.3120798312005244,0.2189341880593556,-1.0335901225697428
-0.6943541317918085,1.0,0.4766337082660681,4.6618209505877095
0.8156650616618211,-0.7444372131459207,0.4742536243979172,1.1247550712328194
-1.0,0.32939769880469627,-0.2964007470038137,-2.4394988242514644
0.9366945019395241,0.39395302123795894,0.2414102893921224,5.553956489104138
0.816837466118024,1.0,1.0,15.120381690251792
0.01940702220170598,-0.015910654609434305,-0.6159230681772545,1.0673546891899885
-0.9961491117266268,-1.0,0.6774489116182836,14.694931576388433
-1.0,0.7928619036222275,0.30616986386203604,-1.1484084334523306
-0.4091265508127766,-0.632484875035809,0.9941129115073679,-0.17634874151455704
-0.07525306617291339,-0.25452746246314684,0.08637939915934667,1.3971433094308954
-1.0,0.7233402895488155,-0.015250120690004865,-0.6301349692053901
-1.0,-1.0,0.6939578119026717,16.193531045572282
-1.0,0.36704861380990295,0.04930803667954575,-4.3503359235669645
0.9816552086773984,0.654051171923993,-0.4896460411692287,5.65023283439662
-0.9197293826691086,0.4805249460731056,-1.0,10.88090948884136
1.0,-1.0,0.37072144117724837,-7.046976142973725
0.1849272628347225,-1.0,-0.2482494832939246,1.7714721241774118
-0.4097884434807384,1.0,-0.03732939466354779,6.207589594547463
-0.8769331609463271,0.8675622079992429,1.0,12.836871580579677
-0.27976172485273576,-0.9123248017016343,-0.1477746397133286,1.8348853381447356
0.1904579483318669,0.7346706665982772,1.0,6.251876510599338
-0.12338479396595159,-1.0,1.0,-6.161475645118306
-0.3890900249238032,1.0,-0.46682257366377966,6.375615389784909
-0.9404119620421159,1.0,1.0,16.213730969715435
-1.0,0.5895932629629741,0.14283597875935783,-3.2420104617257985
0.6513462773112082,0.5469478975901891,-1.0,-1.8296387295641359
0.2672331682983262,0.16416718348212056,0.7874277700993269,-0.23317312333996726
1.0,0.6026442422649319,0.3167720396621758,9.393002774831746
-0.18936219280172994,0.7088526668231578,-0.5942657088699976,0.06056794499491613
-0.3642788909535366,0.9074246107239432,-0.2860944780379304,2.461458743670137
1.0,-1.0,-0.8066839537786932,-17.745575306494153
0.1465591795933736,-0.5158734501349374,0.2872821242062553,1.2877747364340855
-0.15211157777362638,-0.25448136007225663,-0.2555951128406222,1.5288839412330095
0.8314388222871738,-0.777619676541403,0.19748540932706615,-0.04686219740341491
0.4161647403586144,-0.4079842079430651,-0.16126070324005926,1.2567084986102415
0.9985812395362594,-0.30449157550618633,0.9499876977871051,6.8276292786409885
-0.7152839283492098,-1.0,-1.0,-6.774414945049273
0.7741992810378702,0.019851153607133076,-0.4331609312129139,1.555661679339417
-0.41863474911953746,0.9741220738491327,0.21232882894267235,4.259066147050338
-0.256459883185824,-0.5875850630056383,1.0,-0.4229028331937801
0.3513071091699078,-0.5248745056820354,0.3079343608475309,0.26205023027589736
-0.03076135307097916,-1.0,0.8839584429196199,-3.555035712468852
-0.1970883478609442,1.0,1.0,13.066581558041609
-0.20245371806795331,-0.5204409513959041,-0.1672055073342691,1.0536724608898682
-0.630020105176887,-0.2194198534551186,-0.7283324477122821,0.3144459180180822
-0.4623353993635275,1.0,0.784739924585383,9.04180053481529
-1.0,1.0,1.0,17.566741048457004
-0.5611550582662581,-0.38242265691481525,0.24619246547304696,0.9566558704873513
0.1699749209375756,0.5243310510437447,-0.36093609207471533,1.0934419441592444
-1.0,0.11226123045499947,-0.5918319043220712,-0.7836914948473386
1.0,1.0,-0.2707539269706236,17.1456135185321
-0.7747947424980084,1.0,-0.4061022328419124,5.196959544656657
-0.03710012014694408,-1.0,-1.0,-16.93725161422168
-0.9435210952062854,0.6201142076624158,-0.4112113136440736,-0.5250850356934467
-0.8857130545355378,-1.0,-0.3621914516550646,5.857133714636648
-0.09409830921462836,-0.5449423865653564,0.7329945817757222,-0.3777718411986237
-0.8715211855389715,0.13463332175131915,0.5439324904236604,-1.9355027538040352
0.02937893856811269,-1.0,-0.8482267986785765,-8.8054154854299
-0.05347750896192238,0.7218575170489812,-0.3524406199689185,0.8681866030241351
-1.0,0.1620942641124905,1.0,3.566794428631916
1.0,-0.7414277445271933,0.11749574344912883,1.532546351135601
-0.3739802299485415,-1.0,-0.29309646167281556,2.8456365817791065
0.08969106731902365,1.0,0.05653844840844924,7.9147958736777415
0.6312352798955252,0.6796881321000141,0.667402658815786,2.7407750067535206
0.2876919278902528,1.0,0.17971804966954186,7.850371661487539
-0.4718377772602034,0.4181571243850266,-0.6420698959964111,-1.5276893286610695
0.4221828402600223,0.6472411709575527,-1.0,-2.4507082886190226
-0.041271948800318814,0.16799041379605217,-1.0,-2.6576170889785082
0.4339959441885868,0.4660880475066198,0.5058043705955735,0.8912503908798934
1.0,-1.0,0.5873428487087231,-6.362382825009073
-1.0,1.0,-1.0,21.22953038392445
0.5851364997307227,1.0,0.8653682741749573,9.705198949723062
-0.11357155910006922,-0.4780107848738351,-0.6164364578342152,0.61538840972276
-0.27370929643783226,0.1611702183418504,1.0,1.1241187785696836
-0.12591720779902915,-0.9895959778304442,-0.13175037576896642,2.585990141426056
-0.43371709370401,0.07050367283819314,-1.0,-1.712856896400946
0.8735572162960559,0.00683934857154278,-0.22381371500749503,2.1820943558717234
-0.3208508179696772,0.07165992487992812,0.5196265753552314,-0.3281291085549413
0.05362597644060707,0.6947537251006541,-0.3373981538970994,0.41692305517751904
0.14538981600673195,-0.9135204432870871,-0.09949613189315198,2.910198686547269
-1.0,0.6515630877216287,0.7945417921734803,-1.6406241326225661
0.909311243687513,1.0,0.5474415717619956,11.807669429072448
0.873209134985109,-0.7081143631855717,-0.47975177377470635,0.8986065851985217
0.23586052988757134,0.012728819671195213,-0.5200990482921393,1.1729095794274496
0.5311305749936484,0.10557970727030241,-0.7640782177265584,0.8636367551227202
-1.0,-0.4578096551917046,0.6198751036782271,1.0386523458910482
0.5621608478892619,-1.0,-0.6012616933631794,-4.945960954945066
0.32322049611163606,-0.6951110951710013,-0.32258316364458217,1.7428336464311445
0.7709720130569893,-0.7062758754995453,-0.9712104703317275,-7.959481711908138
0.7934166383804429,-0.7317682521876854,0.5665160477220585,0.6681577006383055
1.0,-1.0,0.5740552067013416,-6.921047751900867
1.0,-0.01617203590516625,0.6637017244762997,7.580801693049698
-0.6763734111153208,0.6223410168621191,-0.7497766761758606,-1.5623289142363932
0.23889390974167846,0.3475191602056713,0.20617543390786675,0.3078731510467358
-1.0,-1.0,-0.8542728643349824,2.7495511779816915
0.7409313832715023,0.8086570003600606,-1.0,2.7320087754191356
-1.0,-0.16044384136783996,-0.2519186670820479,-3.7729782519121087
-0.1083967351370565,0.16999980012573168,-1.0,-3.274946887028718
0.6747381232758709,0.8510677936156086,0.2827918133443217,3.313193792673286
-0.8519317333813754,0.9196623227912335,0.14197549432550005,1.3031192422759952
-1.0,0.20873548160068145,-1.0,13.783670869649072
0.6102654284875373,-0.05273239679573738,0.8372334241011796,0.5918302676787475
-0.6316575890806639,-0.2434836851487816,-0.7015254464752125,0.37258295975317496
-0.14935090357829073,-0.5856086085562358,0.4280192681334649,0.2556653734215297
-1.0,-0.1986800095332415,1.0,6.3192348271518455
0.13971691803045339,1.0,-0.6497072514222115,10.682145972400905
-0.14036319339079228,-1.0,1.0,-6.953211918369383
-1.0,-1.0,-1.0,3.521722341592847
0.7658229656510089,1.0,-0.16644914061332372,10.271195277919304
-1.0,0.17986512314582725,-1.0,13.684304768105372
0.3777152451265109,-0.25989030834741356,1.0,-1.4480901982317609
-0.07136121898418057,0.7666748454429253,0.6582194613473775,2.5895714102390164
0.225710127527873,0.18241066661200445,-1.0,-3.2431887349324393
0.16819264078220364,0.6500242408231971,-0.2686171353727722,0.7608259558059967
0.07686819644724485,0.4388148921900632,-0.17274907827675268,-0.33461809569403544
-0.7562716700543308,0.3744914147647098,-1.0,3.592860281442837
-0.45882116932513783,-0.7506697118056491,-0.8699515821725154,-2.969307219295838
0.003215180532006423,-1.0,-0.12620846339457192,2.9088611593238674
-0.20771859118144453,0.9930632749770232,0.7314569137958793,8.482990903215322
0.9596048989205255,-1.0,0.5603630676774654,-5.309597979583631
0.48042391380377447,-0.9046634307474366,0.28808018286627757,0.8247885789774345
0.5107516947080246,0.08146866154491517,1.0,-0.3070955366601431
0.2962111418137039,-1.0,0.0819295293954585,1.4987941034139314
-1.0,0.16254339246478455,0.28077937623478655,-4.771725141296812
-0.6143497088429393,0.2541453270892857,0.8520003031375742,-0.026207295769118566
0.3058850794895094,0.513502732826574,-0.70180724935841,0.7293206693564265
-1.0,0.07328849230295353,1.0,3.5190631560330377
-0.9243171387924225,1.0,-0.4616243583900963,8.015240614567746
-0.16717889023635735,1.0,0.9768651863650339,13.810000242526247
1.0,1.0,0.12175997281457485,13.017812840043442
1.0,0.7059986608997699,0.5030030536680796,10.535641556906079
0.42578701984810663,0.17744831261864347,-0.16207902273370234,1.419556429571558
0.4837305821540374,0.01272387777943651,0.6139324467186968,1.101348978073459
-0.4099912857825274,0.8747584813916867,0.977661947293526,9.995081376351834
-0.7034694496773402,-0.13096174223377366,-0.7884193489904652,1.2460047451356593
-1.0,0.008613711736885632,0.624916995115911,-2.7415226133726334
0.7133357151419724,-1.0,0.536931778025074,-2.133736746157118
0.11083187262492711,1.0,-1.0,4.888968921946237
-0.303545264377308,-1.0,-1.0,-14.92662432180759
-0.233743378877878,0.14356045331490197,0.7127065355269604,0.10261571589736099
1.0,-0.3481904237134017,0.15349084578582217,4.502454638146881
-1.0,-0.7173066452890382,0.05674415837144231,2.0561784165167856
-1.0,-0.3873182112535989,1.0,6.595039101598431
-1.0,0.5486530957330853,0.4361712239686615,-5.203367698949327
0.42969930328642914,0.23988301716958227,0.8288047913172247,1.3356339506371602
0.411101164341674,-0.9143700078981376,1.0,-5.6041089440790675
-0.828189555551389,-1.0,0.3929963261619127,7.909399018057206
-0.05932070536566325,-0.6725891226099145,-0.11933935488421721,2.0802753185941185
-1.0,-1.0,0.5380484309561961,12.584570875033005
-0.13722964680933503,0.029985307206914502,-0.2233112767769314,0.23221006845973133
-0.40611442136372333,0.11313484291722142,0.4522275130357305,-0.37291168003527225
0.416739684622919,1.0,-0.13768873814121285,8.986626140595998
-1.0,-0.420039092071107,-0.5122051401797993,-0.8611435473733408
0.5498128455910758,0.5594982919217322,-1.0,-2.7503377007739886
1.0,-0.10200138942012349,-1.0,7.4392089080514205
0.9779376050888526,-0.5702804924855758,-0.11093037245782322,1.791122000928324
-0.4360483288029642,1.0,1.0,15.728430123390767
0.18690511132505017,-0.6220108678421885,-0.454986485434008,1.4222402654414337
-0.6422011289949665,0.46776277636869557,0.15317931737718093,-2.5488265611906695
-0.541878197104023,-1.0,-0.10347283579469502,4.164841155730778
1.0,-0.667604323976124,0.2273750397900065,1.9452480665322418
-0.5413056656384683,0.9270529205697773,0.8604856782046417,7.487940364931436
-0.8464958802900595,-0.7908420580853517,-0.2551367302044436,3.4983763162195194
-0.3130367365579241,-1.0,-0.6433149168354921,-1.8080523552604317
-0.22137366929006097,0.19280808963106133,-1.0,-3.02932371770164
-0.5824232722433165,-0.025163126913894773,-0.09780050950169428,-0.8200665762945802
0.5467975506579421,-0.588896399493573,1.0,-4.5221484062212625
-0.3890545318931058,0.09525427358984162,-0.19962153994242615,-0.7017952122344876
-0.6611563807433212,0.908184913339283,-0.9297004891782352,-1.8520914843056344
0.11700807483653142,1.0,0.3940248258566026,7.4614138958043
-0.1099882341340046,0.09071708300811965,-0.3409939244535263,1.4616541222212742
0.7981756720472393,0.9276130185774403,0.5642617573594977,7.39014847017415
0.16287370545076874,-0.13702813178345763,0.7525177297820991,-0.48376300516583914
-1.0,1.0,-0.22896696232174585,10.166663594017757
-0.2351291121729837,0.15151222327994796,0.5265392460654321,-0.5387619196219342
-0.5592995657547595,1.0,1.0,15.95369206660929
-1.0,-0.01232992018569834,0.8320884279964649,-0.6419047424880153
0.5496887726851685,-0.43506291120205676,0.8847146729856654,-1.1936103086828178
1.0,0.7385074654744592,-0.11456952685281663,7.883318491164688
0.9853992844093264,0.37370797514847887,-0.00585904588180286,5.446680309291748
1.0,0.7052550462743401,-0.4702738495046359,7.410128205446315
0.7144820354705683,-0.06028767875395258,-0.6421113257529747,2.349194937272612
0.05839099843622497,0.37366159498058593,-0.5295494243821153,0.18451063281155555
1.0,1.0,1.0,25.855576078210476
-0.45613240054105253,0.08362231931453357,-1.0,-1.4772372696894296
1.0,0.5955091065256468,0.43242074052452617,9.335139015358198
0.8919498784778641,-0.1185841101224745,-0.3443208568135252,2.287589216943446
-0.6496981226136567,-0.931616037055846,-0.28553922983192215,3.6746221491637665
0.065187905524837,-1.0,0.1139193053694183,1.9722071471105278
0.2114163737327368,-1.0,-0.6230228857954838,-2.5013654798747966
0.4437440579064378,-1.0,0.9811255111561574,-6.5614555735675495
1.0,-1.0,0.15312785331033552,-7.975451759219003
-1.0,-0.8932222047617799,-0.2912186678340114,3.69939034973902
0.26564816338038066,0.08580557587575743,-0.22528013896715282,1.419256315204703
0.13958671616118434,0.10012967332900424,-1.0,-3.2992940115455953
-0.5638467346019918,0.24391991251895373,-1.0,-0.07136154449868681
1.0,-0.9204465998630333,0.7711255724098314,-2.2739580491794342
-0.09789491649984372,-0.23146217708332184,-0.880739629998424,-0.26054676980855807
0.8921166358504733,0.706908632343028,-0.5556594616193247,4.231436664868081
0.531513890995001,0.08701511413905161,0.4187957599211498,1.9977683396534422
1.0,-0.05350164927738654,0.06987587390410521,5.536524742104978
-0.01457540486818698,-0.10825276719419863,1.0,-0.5823711245563128
-0.5191426067843392,0.7732252981790049,1.0,8.129191284430012
-0.6003968560804385,-0.13696854730328378,-0.36141306204552137,0.560585554396184
-0.35750889020561494,0.00039613496823953653,-1.0,-1.8329053332310363
-1.0,-0.7179469879713507,-0.25289540693365997,1.3384664335036462
0.2938676134007545,-1.0,-0.4591247048787461,-0.7679354710538951
0.47779156584101434,-0.5040806672051414,-1.0,-6.565156458821048
1.0,-0.3939522538563569,0.8890346639187368,6.2482118563850415
0.4934150475048624,-0.9164307039008739,-0.010923429944608376,1.4052002167223383
-0.10194457140083202,1.0,-0.4363256777266349,9.024116786386957
1.0,1.0,1.0,25.12442386859557
-0.3900718338216578,-0.7847794720378183,0.4101511696792215,1.944517853165841
0.7017524493928042,0.961893295168534,-1.0,8.654229535863093
0.3407400368098288,1.0,0.03222165318844783,8.399069924073794
0.8268296946726323,0.018772797331816582,0.129700376753056,2.475437127794814
-0.002493084201290019,-0.27146734897018643,0.4956885401425344,0.04624303409245484
-0.05824653062900942,0.9276273400574175,-0.24355451980301313,6.023432322969533
-0.6335135115867221,1.0,-1.0,1.0629252004809402
1.0,-0.008458885480523204,0.25510680203340774,6.0264355656934345
-0.47463936154461095,-0.4405484454668971,-0.16101523166221843,0.7115552762650206
-0.4372125642277582,-0.0641610679296527,-0.9184142587744963,-0.5277963784000164
1.0,-0.730286473249063,1.0,1.1749138844468918
0.046756782303489564,-0.7960435561074164,-0.05977604041111961,2.178580184613725
-0.2644605970089329,0.5502888039803246,-0.49619635262074335,-0.518885630365522
-0.7687435733987467,1.0,-1.0,3.3412992381858353
-0.039385840933204186,1.0,-0.3263695121923622,8.48343737975185
-0.9251515907003374,-0.12792291044914417,0.9243334147796596,1.906494611264636
1.0,-0.13701236570756214,0.5515404745258354,6.163085666773465
-1.0,-1.0,0.6877637949076114,15.258137986052779
1.0,0.3204921341825675,-0.32300662192615226,4.3562993798936684
-1.0,1.0,-0.22609673415654963,9.8761141334828
-0.08797189620710166,0.5579458004652031,0.2765272124491467,-0.2787256339599474
-0.3593971444094972,0.5755105151217839,-0.8011865725898444,-0.9937380557563962
-1.0,-0.8606868172864681,0.3431031659966819,6.152139037404777
0.09650932345205021,-0.8598352396997089,0.5342017875716798,0.5932169045571892
0.5490967683014578,-0.01815095177904924,-0.021545019903453477,1.440272246570768
0.7776754406875617,-0.2069413038825183,0.563702182042298,2.4969942101815876
-1.0,0.9960773886455574,0.8219387961003004,3.867067247006035
0.08551111141731993,-0.22315842805882058,0.3197419893894169,0.16375073909639792
-0.4816763659117522,0.6044283742806495,1.0,5.57839117212486
-0.9007197359012515,-0.3739272726897469,0.29074815004615173,-0.8818056849276654
0.4130726437485539,-0.7190960297109041,0.0842725598602585,1.7762865763649245
0.49542939037948064,-0.47852012696203583,0.22037037691006112,1.9626571844536729
0.21217022629566795,0.18047754702750085,-1.0,-2.546194574399856
0.4754478711518546,0.11134346418723085,0.8314700457174695,0.8823102285165383
-0.21594401174627142,0.5544563468642778,-0.22532480571491176,-0.06348730168141345
0.6216056240877637,1.0,-0.3617747925935999,11.365459079514464
-0.1365023056909198,1.0,-0.9194002533511616,5.56589674168141
1.0,-0.44252725196964904,-0.2040662392004169,4.002616975128561
-0.6610222290897152,-1.0,0.7599521011536214,3.791560973526728
0.5966375270387274,-0.304659686319358,0.9494755621086637,-0.9555495347439731
1.0,-0.3376019365899583,1.0,7.039510354681507
0.4890866781420069,0.9976455008585188,0.47785352176952123,6.473900174800399
-0.566103300814585,0.8451829741161649,-1.0,-3.7853900999631116
0.42006104940918254,0.17811017571846133,0.3399380232498912,1.6230576944974868
-0.4715133782679095,-0.08278131454572857,0.5372633650014187,-0.27866643735965385
-0.5601262693805344,1.0,1.0,16.702798902609114
0.47915737205152187,0.7099565576181126,1.0,6.696922004992584
-0.08627234577216836,0.18879057740400906,1.0,1.581199300167642
0.35192777067533987,-1.0,0.7765485903651848,-1.315211993634062
-0.688145324287667,0.8681350199628941,0.29676775665178945,0.20854980805732598
0.20696274646003276,0.5792694051525444,0.7184507749778566,1.6428827627552631
-0.09972617077897339,0.8393051877046296,1.0,9.530911732247874
-1.0,-0.30486390555580156,-0.2349612401272385,-2.867916775507976
-0.3313027590488533,0.17225109545690387,0.9859074841819357,1.4197092528054347
0.8148586825803732,-0.1598559695680486,-1.0,-1.2418801467792102
-0.9751567600019937,-0.9592197086849477,-0.48840784141106464,5.11901356109059
0.14890801777666618,1.0,1.0,11.830289467027203
-0.8704976883179611,0.11021873588684228,1.0,3.2711993556075933
-0.2067017589285851,1.0,0.6044705467939884,8.48325680518562
-0.5973686732979935,0.47905314034291524,0.718790584981158,-1.1663712622814153
1.0,-0.3506900392167873,-1.0,4.194252167128557
0.019192312598366623,-0.4345759106532079,1.0,-1.9235312559821505
-0.21810900944031353,0.31244353754817333,1.0,2.5629692253193443
0.0007032728283631329,-0.08165852153716302,1.0,-0.4245400525264809
1.0,1.0,0.2561176243145875,13.478995183584999
0.5210136179206575,1.0,-0.028551247317359696,8.157214990717268
-1.0,-0.38544071506411126,1.0,6.806476736508999
0.13157702347738387,0.6690622599374041,0.20810126740254398,1.1198828445550393
0.8170993099561776,1.0,-0.14399445102950437,10.68186268470336
-0.7832004529867986,-0.7551710524072142,-0.6929239717884761,2.294632638194944
1.0,0.7668269260992726,-0.04090424926868441,8.680743683012958
-1.0,1.0,-0.6505454996713698,12.949608940952164
-0.8369465649503438,-0.8611334434063747,1.0,9.409438779110307
1.0,-0.9278049424766397,0.5623989406901566,-2.829193909176074
-0.7133221619010859,0.3125619939601221,0.9711837375803019,2.138948000465886
-1.0,-0.17790201151340823,0.5183739327617034,-2.466274625800457
-0.2418442999250432,-1.0,-0.27436841452697003,2.6127360420760093
-0.2222786597426185,1.0,-1.0,3.179538045960379
0.2914578225750888,-0.9014898452283993,1.0,-4.271539667076088
-1.0,-1.0,-0.7805198725497267,2.766283052891313
-0.019307891953901368,0.28430990097419473,-0.09111690049634347,0.21322492275269886
-1.0,-0.8735553605986912,-0.23712014630669787,4.832071346251533
-0.10169616790999725,-0.5915952886020801,-1.0,-5.838656201469503
1.0,-1.0,-1.0,-30.51218418292704
-0.04335988875424568,0.24968321656847792,-0.20865934608549463,0.32199102783216726
-0.37991552247562543,0.5055744278222354,0.6076346765522078,0.16688174099944064
0.1316433257527454,1.0,-1.0,4.566480043675936
1.0,-0.5550714494441875,-0.6869339094228752,3.3924647312153673
0.8741811651852645,0.5073657918791052,-1.0,4.608842437429521
-0.5149526678983098,0.7046761827691255,-0.03797105761492836,-0.3248697358669742
0.37709389211033484,-0.10181633363527465,-0.06499345684622826,1.3406753252921018
0.2342734613439852,-0.9053008432241898,1.0,-6.367467894916198
-1.0,-0.14818393696780485,-0.19820302373322418,-4.773623081723515
0.8782292726972452,-0.18226864081709215,0.9234742903397015,4.219770550506144
-1.0,0.15288282933908204,0.0253614796818884,-5.009495971241082
-0.26978786172818303,0.3228653775520529,-0.4315785726844583,0.09934710355775128
0.39194490409381055,-0.682756647716166,0.8095427521359491,-0.8253156763754012
-0.5014546763156815,0.9191705841616398,-1.0,-2.302351570362007
0.23593022882243986,0.640322872439792,-0.6617737696818862,0.8275925862274114
-0.08740880721960198,-0.47217364353060254,-0.279068054976767,1.7062108131152605
-0.0016197925009053815,-0.17689681645322342,-0.6229486656487875,1.5674170141207935
1.0,0.25902819432467306,1.0,17.545952396092364
1.0,-0.40894488533276685,0.2553961765935342,4.834296475458233
-1.0,0.07588643293063901,-0.6238857624008174,-0.4474605810364347
0.032607954836712416,1.0,0.6542218187451105,8.03730115335689
-0.05799841568422859,-0.3084977739266115,-0.5836841527926491,1.058048167371611
-1.0,-1.0,0.6172701270654306,14.160309920596866
-0.6158529010890634,0.05556840769677551,0.6855376181611361,-0.7788629666505446
-0.3883922134765627,-0.253042195466995,-0.25862163978847574,-0.20075743022863746
-0.21093479802481085,0.8560095437310951,-0.9203105636055626,-1.4294433321742488
0.6514600123879344,0.23374132089474298,0.07019492502264524,1.3252189591646117
-0.9883048807459145,0.0982311303133534,0.5034079054771585,-3.6031522726117973
-1.0,-1.0,0.41225735792901097,11.848806458581269
-1.0,0.7475895041967957,-0.9959499328634631,19.18278620077311
-1.0,0.1662615136047858,-1.0,13.71717457213356
0.3213823115808263,-0.09307045134386027,1.0,-2.28344734682162
-1.0,-1.0,1.0,21.851177561077286
0.5773671219060357,0.3017911574434511,0.8662200429302822,2.665843765203192
0.3793589102194743,-0.800370895109245,0.3625446434148716,0.4964434111771898
-0.1675804002236534,0.4843453997900484,0.42011076251360757,-0.7358500072868058
0.5411153483355411,0.34277809569596585,0.6098457654464691,1.9357418635856845
0.43710325830048125,0.11998886927515096,-0.5374268775855955,1.0000198302762273
-0.018816343987143824,1.0,1.0,12.431689741910409
0.6095831034411974,0.710479764720491,1.0,7.6032412706174295
-0.46621081239763407,1.0,-0.631317777793641,5.594601012600453
-0.5609927751988681,0.5692799743460564,-0.36913060889089855,-1.3309871172970802
0.2064122757716096,0.34535450595726513,-1.0,-2.714388418430429
-0.1574429005059308,0.0750939986590422,-0.9989580633064126,-2.3278612981287687
0.439469783480672,0.3350929536793186,-1.0,-1.7073433432387577
-0.2926779958298471,0.7047109496444222,-0.0026644156425512655,-0.3724831809708996
0.4917486961966733,-0.7705288353725244,0.5083304117862422,0.190101033993053
-1.0,0.24251195900458433,1.0,3.2728021571215837
0.7258561173982514,-0.32692966419895164,1.0,-0.9982755905029593
-0.6520048285324234,-0.4338686116784771,0.24503708812793246,1.0834064591905033
-0.6028987515684816,0.4775263948160946,-0.09148630063826402,-1.315937734927493
0.19042643450919217,0.8671511433856387,-1.0,-0.9225756541740782
-0.011429094017973762,-0.8230248120759578,-1.0,-10.505706461251062
1.0,-1.0,-0.8039489088162042,-17.28917941329508
0.06664718093312927,-1.0,-0.004732961086608922,1.8182045404425298
1.0,0.7918378749520771,-1.0,19.193420679150968
0.3729140673088429,-0.3638816917915566,-0.39956359858580415,2.099275241414261
-1.0,1.0,1.0,17.371292270488826
-0.03605053140789516,-0.42478413819275107,1.0,-0.14883238989892522
0.7808598153140422,0.11773270540506675,1.0,4.945561091987618
-0.23823062814405693,-0.21920289280433614,0.5737202092860179,-0.3646896069885459
1.0,-0.4145630164674807,-0.36300808947065577,4.707887608409646
-0.2608681898927092,1.0,-0.22770512957834277,6.974180815562227
-0.25175439982730996,0.24853618473543548,0.2159239868460343,-0.8165760060341802
0.5620314616075852,0.02838315483059972,0.11123377577985605,1.7449652406399472
-0.6061197128637459,-0.9442360257238511,-0.07345141282240175,3.421432094426796
0.7135464768828186,-0.4971445288224454,0.3684761771452778,2.3314480613922974
-1.0,-0.878258593889985,-0.054852591716241905,4.160221523452131
0.25450073682653196,1.0,0.4945087305123954,7.474076325700943
0.58229930258818,-0.7690339197838718,0.24164676022729759,1.045821773202265
0.7081673819115057,-0.2876555998828072,1.0,-1.0306864521238523
0.06597403253546741,-0.6133514320085758,-1.0,-7.048206915839187
0.5996542766867436,1.0,-0.5697024084038909,11.523440734026684
0.4916768708610646,0.7254639634391757,-0.5834551872415596,0.8729114565566116
0.09307239587542293,-0.8158448348184633,1.0,-3.6358478395612055
-0.11549401476528187,-0.4496429875909522,-1.0,-4.997293763643284
-1.0,-0.15089056664876366,0.8771208372674248,1.2360746687396547
0.49521660089125996,0.07334077602870548,-0.8420276164829665,0.7265857836853289
-0.4234851097887584,0.7992515602541703,-1.0,-4.628976365118175
-0.7286593092123292,-1.0,-1.0,-6.447577145602821
-0.01834060333042431,0.5928196371213055,-0.8569480262927065,-1.0911937114381667
1.0,-1.0,-1.0,-29.999599716091712
-0.5293113180788895,0.7797290996045791,1.0,9.603373813944266
-1.0,-0.4321931493918787,0.16279639078876462,-1.6690089965702355
-1.0,-0.15222269868403804,-0.5255311000886849,-2.5611072477126684
-0.43817519046068254,0.26739536487477755,-0.2590134987019166,-1.711489401714795
0.7392753967443133,-0.19992904324361893,-0.20299943503033968,1.8935971065830972
1.0,0.3895690000482581,0.3836920843047178,8.0082614331151
-0.14144804951172274,-1.0,-0.6511714499418022,-2.5974892080427834
1.0,0.22244289147346819,0.011145823711115499,4.9803791927002905
0.1061792467336935,0.19093140177741263,0.01544870388077424,0.2812436281497765
-0.08411309140754542,0.6566065637780474,0.17812171848213088,-0.30435173502826907
-0.00967957788016971,1.0,0.5960628457683557,8.193130183701655
0.24108675546932523,0.4748174234443694,-0.15208552203663617,0.5768308002620182
-0.9913326788807635,1.0,0.9486858268622103,10.93738325603912
0.35254608580478974,0.42884433286045054,-0.41800219874629563,0.6335494400961904
1.0,-0.7300121261144399,-0.2703421799859884,1.4210919675454217
0.07550712443980201,-0.5998198344226335,-0.0005586848085554763,1.8923407063529565
-0.07636114873599142,-1.0,0.7096984674156734,-1.3401734806007803
0.025705964899914724,0.4527347855835102,0.06903351779672051,0.5538473795184607
-0.20925671188200656,-0.4909939907051417,1.0,-0.545356962440936
-0.9738666337206714,-0.8341938161774229,0.11817168506696318,4.04467336752145
-0.32421645772641594,-0.39140290758559115,0.6060761797310381,0.24307649481595042
0.8411390524262601,0.23176612446434097,0.2764257637437024,3.6667435416362877
0.4441602656709065,-0.9756290420802816,-0.18074911243186365,1.4256154473225031
-0.9755479968498584,1.0,-1.0,18.630548032206068
0.8928936798453739,-0.8360151978771915,0.3168475624360447,0.8418206724917188
-0.103430163162882,-0.4915293718720066,1.0,-1.0675116850678423
-0.6757852602032959,0.40949847833716335,-0.02759363115787794,-2.331424497910759
0.17839909494650596,-0.5991584561560408,-0.762093764985873,0.18929538150569958
0.5876402929454001,-0.7925446694455478,1.0,-4.546864028923312
0.7853701234679984,-0.8322528952616439,-0.8969932321853018,-7.3423531693689945
0.9608574512657884,0.09533458702616948,1.0,11.719141882624681
-0.027069945777189908,1.0,-0.5753982866934415,10.287277939661546
-1.0,-0.9803060744112371,1.0,20.63184720055977
1.0,0.275933889362294,-0.4647981771363421,5.442625360036195
-0.6408189896755392,-0.12628628991699498,1.0,2.2336744639722426
-0.5036136081240714,1.0,-1.0,0.4818841392460947
0.8626235699492455,-1.0,-1.0,-28.37566237462305
0.09571013436898212,0.9675134146478441,-0.7222325061654378,7.889284701125146
1.0,0.9125730865222903,-1.0,27.709761570779136
-0.5650580407955412,0.12933538703618797,-1.0,-0.2525662828756339
-0.07650720671966948,0.11078362860913615,0.24478707554557366,0.2417650112906031
1.0,0.8316642815904987,1.0,26.569491136028997
0.32016669240572404,-0.40581900575546626,0.8632849505289735,-1.1448524889181437
0.2501775250877205,-0.7452928867960249,0.39237764370145745,0.9548976176532609
0.6127352437958573,-0.7296645010836669,-0.2367255710735694,1.1628230781356508
-0.7475814008904103,-0.6867358821017757,-0.456186903566171,1.650341544842488
0.3925094414624959,-0.8678749876537544,-0.6860757018734527,-1.4756881835903835
0.6543534543088316,-0.011454813834681943,1.0,-0.3286474896370378
0.4104707015599305,1.0,1.0,9.447499816454389
-0.12584862609186476,-1.0,-0.1528436535750839,3.000707243179906
0.7375991850011738,0.34112941036514766,-0.47729061251101057,1.5709530283674273
0.3829481844311948,0.25945148530130346,-0.2950562356201536,0.8988146187348972
0.4868882450656733,1.0,1.0,9.278867758146188
-0.16945194465223623,0.25880714507591107,-0.4399117606111327,-0.9075365406783082
-1.0,1.0,-0.33251890924901484,10.907198346708782
-0.9661737683753753,0.16594270414329504,0.16823332721960038,-3.6510532867657495
0.07735251800721188,-1.0,-0.18291976388989006,2.3798936466157246
-0.3589558346159172,-0.9732118008767723,-0.5910404507090723,-0.16575400681361618
-0.3195184066629959,-0.4440553697666534,0.2622550088637521,0.8026919858815222
1.0,0.6480591379539633,0.2794569516746497,8.356535189412366
0.045986713664169176,-0.10683644207317777,0.1829211217415907,1.0412722773252943
0.3412231411115598,-0.8340660552921793,0.516868510897819,1.4967893054790373
0.2697570577262107,1.0,-1.0,5.0901901819487625
0.40503027802225633,1.0,0.11956197371128052,7.536976085741447
-0.06480905236572743,0.3791367003416033,-0.22658479921727803,0.22330636744408955
-0.5879192241066169,0.46129701478203744,0.3432024538635883,-1.3244470257600052
-0.2705700702234466,-0.8239774363363377,0.9115017141352393,-0.8630756047152511
1.0,-1.0,-1.0,-29.88395573685803
-0.23317004773375816,-0.24725223410123487,-1.0,-3.0096049858679685
-0.09982200484529868,-0.5885853206363041,-0.6949931301616679,-0.06967514023512193
0.7791503628626468,-0.5152618647560492,-0.3767232034458483,0.9391783558866864
-0.7825591924517901,0.771834024440561,0.3957869747481648,-2.247964448875041
-0.4447207961723689,0.013489330410624278,0.05347921188166738,-0.40492085838499964
-0.1318923617146146,-0.9288975068724654,0.08649519465307498,3.2211909477767326
0.673053083420269,-0.5442452086915537,-1.0,-6.701503018955065
0.3100884839913953,1.0,0.3924015455450591,7.133924925163346
0.28788716028348516,1.0,0.28428788013908424,7.174955424108168
0.7472128083830032,-1.0,-0.17820585499875707,-3.3352436914114896
0.42694603221152905,1.0,-0.2865345949892273,10.07539413788603
0.037277951350470184,0.5867931987859463,-0.6820926147125619,0.7016602614059859
-0.14006643825303056,1.0,-0.2747562532539356,9.799211689375953
-0.5487476102033935,1.0,0.40310562382779236,5.677067287385186
0.05466036321903123,-1.0,0.1534259813219605,1.7235271354237156
-1.0,0.492036476266402,-1.0,16.96983065619903
-0.21999715555772448,-0.526103505670618,-0.3961821662183056,1.146363303048388
0.7900438123270024,-0.4414879297978205,1.0,-0.3255494863472454
-0.10391042083274593,1.0,1.0,12.886543559424744
0.07789018264087288,-0.7998067784601384,-0.9637775689794528,-8.634745279751757
-0.25128423319823434,0.6124913897958257,1.0,5.747137965833978
0.8360518338779781,-0.1719379430274437,-0.6835013819898554,2.9390351026233286
0.08852028995855199,-0.9848078237370179,1.0,-6.437555382132108
0.7125878489365347,-0.295196519822547,-0.576635184098444,0.8183871187906774
-0.09411233009153319,0.3849595865101305,-0.09253846886781436,0.03700499222554213
-0.1359130542787228,0.02582298420537743,-0.2680570086947349,0.20964624604352533
-1.0,0.9712314587408686,1.0,15.981792445234412
0.4356348572133806,0.7042617069427255,0.903234063389561,4.969229814417179
-0.7881609514383918,0.13443046835444306,-0.03326941583836218,-2.492524594556105
-0.5122331608681092,-0.6838361320881516,1.0,0.3681318362168685
-0.5194442630319955,1.0,0.6805771288557247,7.635822949732922
1.0,-1.0,0.010994175617864643,-8.326620396531817
-0.9606424354990932,-0.22009222471859946,0.11254380587773749,-3.1077444762508115
-1.0,-0.7000598502371824,1.0,13.577375678337848
0.1482166635487434,-0.6056957848970266,0.3316116609280253,0.7295100160626362
0.618850568714451,0.6288686342164618,1.0,6.76214320143112
-1.0,-1.0,-0.8271386286623932,3.7949726409053577
0.24619526887331555,0.8989310624039497,0.4842481825119349,4.682607380641498
0.27158452797144994,0.4655136291791917,0.21295998060372678,0.690420210185672
-0.22022710195227901,1.0,-0.3223293353801686,7.518157063875486
0.14589749270863694,-0.9756043625515463,-1.0,-16.423295625385517
0.7395103183800493,-0.053888389463348396,-1.0,-0.7772094073852721
-0.40118585830730136,0.9707463755536385,0.5456424927157633,5.789512467356335
-0.9441471040774438,-0.4596751554475411,1.0,6.969682018805651
-1.0,-0.18053417814822215,-0.28182644350148744,-3.4485199891943443
0.5112358789478151,-0.38350732668817766,-0.4666473956492747,0.8323912533302866
0.932927099890831,0.939247010704015,0.41444835875533936,10.320728510621024
-1.0,0.059051472084205026,-0.6825425827798799,1.3189314413740916
-0.8361227294509057,0.5763927723589783,0.6630582036865893,-2.168285313591183
-0.6243386098234043,-1.0,0.12496885478210351,4.3098209264889
0.06230593076292079,-0.8729712139833625,-0.17326136657442293,2.497116983055704
0.1811550361724561,0.6615490405944573,-0.13737433114936315,0.6654321149390121
0.07101320748069906,-0.3731950962137329,-0.25125746714558295,0.6137495599247684
0.0016636826328295662,0.8980945064464518,0.622191466335595,4.8524061541533205
0.37391651289875316,0.8571199418758255,-0.05886731519833943,3.0471654947112885
-1.0,1.0,0.4414778092283338,2.626618433188933
-1.0,0.19560602290405504,0.41330281695542204,-4.097084696737765
-0.5812736277100408,0.20574187017514545,0.08125382633499112,-1.904154571512231
-1.0,-1.0,-0.42232252442158336,5.929823033753649
-0.11073048958885368,-0.23096463175447468,0.7303471373133286,-0.7611323435772955
-0.2234595573266085,-1.0,0.17266145829763713,2.3519164072179333
-0.6356583979873105,1.0,1.0,16.03903478018073
-1.0,0.15664460155639337,1.0,2.398816081048277
-0.07020736952226825,1.0,-1.0,3.8396033366925093
0.2822243389377257,0.6498783434451301,-0.44263098874356754,1.11467701614026
-0.8840664498182838,-0.33625628028298205,-0.3617552429034592,0.10846848854487057
-0.07224962475205943,0.8866756025785858,-1.0,-1.6606547380112684
1.0,-0.9009875433439178,-0.14418325146085254,-2.1948425519364987
-1.0,-0.826775129485299,-1.0,4.367240964149435
-1.0,1.0,-0.5998305310720236,11.928030414872977
-0.4453048099600825,0.24834572126081533,-0.13651807794069182,-1.450730786091033
-0.029076694320076424,0.9744302875251387,-0.6130804815222368,7.1458540677134765
-0.9990607200424635,-0.42451026053010854,0.3895885446913523,-1.3140326326529903
0.06827302780862099,-0.20105422592779387,-0.7412362639840016,0.10622579872747728
-0.6381015313097633,0.5257029014347845,-1.0,-0.19900002383222448
0.5106022892840179,0.3316072268166934,0.058176440969697873,1.5131932510863564
-0.4193093034650148,0.1333190258908601,-0.5712459648775552,-1.3754968200534647
0.5347521663009245,-0.3551795410360259,1.0,-2.9181319760132713
-0.6637043543920795,-0.49608821066069186,0.6315294010672245,1.0381550427779698
0.0024930275241297206,0.6563746563378725,-0.33024985747923763,1.1154616928254093
0.5050890069403233,-0.19114770047234986,0.3154052321679648,1.2555256452240802
0.1077722273002486,-0.043239695143580725,0.5599742141642812,0.31597571766168436
-0.3309022030402682,-1.0,-0.11074804977458275,3.9006894261272214
1.0,-0.15178323193045573,1.0,9.910006314864862
-0.9801575013390396,-0.272486045916164,-0.0690355764038535,-2.06943604893537
-1.0,-0.15414808967909477,0.2999174299775669,-4.380439785624382
-1.0,0.17656034807202303,-1.0,14.636258325046633
-0.19300787696463662,0.45349416216229654,0.795691924435102,1.1413517697452478
-0.8735786592080215,0.20237751345662147,-0.07696252760246325,-2.460978881541217
-0.15699152394540405,1.0,1.0,14.123632357231891
0.39758134847446214,0.575745017285735,-0.5329916402837191,1.4525491754570963
0.3224971707957478,-1.0,-0.7282430642647988,-6.470323650177633
-0.5292546926283241,0.5497896382179635,0.6124910176210105,-0.07726735529886597
0.2594237342517005,0.4958929052272527,-0.5091155181014313,0.32754229350405123
0.9666820965411829,0.24010642250026848,1.0,14.867800712624222
-0.8994978714711128,0.5499800250105094,1.0,5.377411487953284
0.004552822407574597,0.8414203801853095,-0.6326584473711685,1.9284777326521914
-0.2555653642338882,0.6342770538257836,0.09076132062999798,-0.8193328813008665
1.0,0.567935633847628,0.590874563390053,11.603619325881432
0.6403202052705583,-0.1455338427271209,-0.4627943177573828,1.0779020535611004
0.12978863890519343,-0.10196080706757771,0.5355027750132664,0.14811858368582015
0.7972294578318697,-0.7421718399550086,-0.38475914539045264,-0.1807548654567488
0.848077475553785,-0.16917965563068615,-0.19350550819082946,2.554322444032159
1.0,-0.4172266078834981,-0.6163286687992855,5.183997176391751
-0.5672727115051845,-0.8296379798016824,-0.12139382650562403,2.820316576035291
0.7800569605223429,0.6394774957610205,1.0,11.142328472217436
-0.6965117241795029,0.34077209730476343,0.6859353804554893,-1.0829123641681468
-0.9305859282470066,-0.294247384065472,-0.39612870183749305,-1.5496781772674368
-0.16397753286823868,1.0,0.4347247534898109,6.965265564834423
-0.006094580902211488,-1.0,-0.15257827268389712,2.5481730179495403
0.20023017489011208,-0.22168302244957028,0.05584905043857202,0.0897923252092494
1.0,0.012350661232107374,0.14727731471663907,5.616231027206934
1.0,1.0,0.26592742792471924,14.470856463674647
-0.8618707506083167,-0.750981305478861,0.5418862930787689,3.4835345442412953
1.0,-1.0,-0.01661111757888345,-7.734113675517381
0.2838658418426292,1.0,-0.8560030438103494,9.469350151147037
0.6174961763793065,0.41380861210753017,0.06066614833870809,1.5641053127021989
0.4777047752458947,0.5503367671448578,0.7077332721764222,1.4857992678295602
-0.11265926647519864,-1.0,-0.06364031915147916,3.0716820185455913
0.7739025147631367,0.5693692302340638,-0.28164281934093927,1.5327148006075624
-0.47012826264041574,-0.07729133320397041,-0.026400140303942,0.2746374623602036
0.856372838237897,0.3719083442144937,0.5209452342598535,5.001997726526403
-1.0,0.19222954270092174,-0.894533440334961,8.099921077229764
-0.18927267956664373,1.0,-1.0,3.075681659527289
0.10286362032356267,-1.0,0.58441348836252,-0.21210543691081948
0.49886220280606497,-0.35992057304766845,0.8318104507373416,0.008195131507010067
-0.46229862202564553,1.0,-0.41915839701291624,6.240560624286282
-0.904199306252168,-1.0,-0.7258117866609681,3.225448746005842
0.15083289161473656,-0.16281854709750876,-0.4843193281580167,0.8278900709237327
0.049149938912023794,0.4635393872304152,-0.5973563673703304,-0.048428901131947755
-0.32065201858918835,1.0,0.24742028371761826,6.7719394019281225
0.26944596031270596,0.8977662284595693,0.3944658858641523,3.8118280281645704
0.8272877517815596,0.879866689404337,-0.7303125167528057,7.631584200802898
0.4702277328234612,-0.21392066053872094,0.42137313897648787,0.9997380010522648
0.32278852611243347,0.7077455619288897,0.25660208516626026,1.560463522497726
0.9034059126261242,0.38898845175138463,0.1626196830530473,5.122991964772003
-0.4638903456468879,0.37669378531577524,-1.0,-2.2632320213683443
-0.01535091658794685,-0.14388160342652112,-1.0,-3.3974828468867515
-0.5334622614427413,-0.04183797794865196,-0.7404716439791814,-0.4713339480993964
0.46504963864928683,0.2699469656089011,1.0,1.9779770837396484
0.8057337098240489,-0.5894850452928388,0.0028372542881951457,0.8927591971611049
0.12393458534795698,-0.015244207509500507,-1.0,-3.475057298553857
-1.0,0.20150828953730215,-0.003442805176701258,-3.174932602341529
0.175799652052534,-1.0,-0.17395213081010485,2.197641502134301
0.4684597568191824,-0.2791720430253972,0.2805365393010464,1.3440200965011784
1.0,-0.3301693133215913,0.11513346283314108,4.469363240073137
0.4577187917798602,0.24632542899938525,0.023723035474157328,0.6611371069581089
-0.8115558037523314,-0.8206271283226463,-0.8957976752541688,1.1709722693514555
0.8470880089468471,-0.033193854749702156,-1.0,0.7764218867597477
0.23743010169630607,-0.402229715596891,-0.771244420613604,0.0012719593581789826
-0.27826898451879356,-0.6382085846406691,-0.98268800675992,-5.124480409906335
-0.43140587270877906,0.6077366094267909,0.7972193220449675,1.2632917821503973
1.0,-0.5912679072315696,-1.0,-0.28423798415199814
-1.0,0.3957422212538537,0.7619968885830006,-3.3557756959434273
-1.0,-0.8014130106014636,-0.6504198555313592,2.527311631451667
0.16471967241677832,0.35420505963464577,-0.5739977376852428,0.3398111813880286
0.21801660797018996,0.2626037492809319,0.11762928944796425,0.690465922569461
-1.0,0.8731404213506881,0.9926452105406689,12.647505309013216
-0.6923692890291524,0.4260355167531231,-0.5397030960398415,-2.1561807599336964
-0.3929683764649239,-0.32126500135668357,1.0,0.9709488712396763
1.0,-0.3303733313494981,0.5371009330777803,5.837001126723415
0.11112701254727142,1.0,-0.5154855415371082,10.598348360898546
-0.24551013857202442,1.0,0.15788645156236836,6.503298269538171
-0.10589118385380147,0.7056302206986953,0.09272403218759506,1.2167629386809178
-1.0,0.8949920825968927,-0.07337566658149774,4.169334788468574
-0.13709980475851458,-0.17447010587007017,-0.08093898318454196,0.5983006351317872
0.4887597136010977,0.15978988798509963,-0.8793615397952279,-0.9829328732244922
0.8952129117340977,1.0,1.0,19.42173579983106
-0.8981867873137415,-1.0,-0.9223157242103233,0.6784056593239605
0.03201992529231923,0.12440952570048913,1.0,1.045492290185984
0.9606899850846815,0.008805964707101044,0.8453720104737417,8.359287891634503
-1.0,0.8564269381758323,1.0,12.463148569852684
-0.011927692244544819,0.2218739653545907,-0.44718682428051193,0.23402870762998013
-0.6315966383396201,1.0,0.4862599463415891,4.597636546194179
0.815590659467702,-1.0,-1.0,-27.383882178717524
-0.3428033041301315,-1.0,-0.36185513454229823,1.7649582312268002
1.0,0.3010438506993285,-0.33669346714218795,4.41341491823773
-0.5527002081531103,-0.5539306867224398,-0.15751529403404985,1.10943494509321
0.37080454052259637,0.9514232850992947,-0.34721505528253616,7.596000664998389
-0.4929639026690553,0.34540315662386667,0.27018971060075114,-1.2354773779801307
1.0,-0.2821034041009367,0.9314516046236525,8.423045865936869
-0.4629425719425295,-0.9380745419853904,0.04320031132718172,3.6747776554561957
0.7625134597651899,-0.5534892412356218,-0.7403640074020881,0.33985228208221513
1.0,-1.0,0.26276782082873607,-6.859489004678931
0.3664014591053206,-1.0,-0.2593745233607869,0.46032634465820443
-1.0,-0.23549885401148862,0.2454009138550417,-3.2719578047197797
-1.0,0.530621780499704,0.39558804565183125,-4.350472121343071
0.11995692667171154,-0.23918910810509142,1.0,-1.5841099655918087
0.9705993361905512,-1.0,0.38338277564509315,-5.916140819521438
-0.10350267635072985,0.4842429398866468,-1.0,-4.036561253604206
-0.6785530016789219,0.10874539929862426,-0.9192747065202325,0.7380285872133366
1.0,0.47761626500177745,-0.11553583566951842,5.6300881505945455
0.6695377812185226,-0.10142833171010501,-0.9543829616677719,-0.6198282653959309
0.5351462543475172,0.908605787539569,-0.36452845668375367,5.248909048067538
-0.3404608219961469,1.0,0.47142434588709214,6.811628875822164
-0.15048974063248388,-0.02865343455464786,1.0,0.3838242530739918
-0.3804260980405101,0.49013211923476585,0.05193636774706056,-0.9879959189832683
-0.6759466059031458,-1.0,1.0,0.14218565695699525
0.5029402946383417,0.73107338156823,-0.9711414570199983,-1.1017594072792922
0.9720852516224572,1.0,0.07872470077813198,12.570660858338238
-1.0,-0.025142793913413675,-0.038193414053319774,-4.99072312798185
-0.6639776589902786,-0.7279826350715195,1.0,2.427074472684676
-1.0,0.8462891948376141,-0.2437856291039906,4.129247168608705
-0.32572807996073294,1.0,-0.3298979741551935,7.779435105375115
0.2755632907314456,0.6174947154401997,-1.0,-2.903101880743655
0.12601558288784953,-0.4355837911935514,-0.4098334367196028,1.3749804487008987
0.41300074326275027,0.9100561807191905,-0.6382928706920878,6.178122806222583
-1.0,-0.05380653032061411,-0.26983382764528696,-3.202301790418608
-0.5366737951804847,0.717771979622001,0.4886858007657766,-0.24284241767500941
0.9323162691710039,-1.0,-0.34727433617160686,-7.51553337081164
0.16121652338557801,1.0,0.40646210518417525,7.67009523704445
0.8310400703959229,0.5882609920608135,0.19419898944211123,2.4007525368631253
-0.6848705610946142,0.6563163485012433,1.0,7.02581107600441
0.24832040423705837,-0.762485996368466,-0.1791491109107881,1.4216342836555809
-0.08678524731276993,1.0,-0.10998088880133916,8.06151700362099
0.49612685919608523,0.28079664976717633,-0.06919306246136037,0.5228315726791984
0.07850106569443605,-0.12925036066644147,-0.6776274097296764,0.3344811264636464
-0.23139232306235114,-0.038553558230228324,1.0,0.5239431378233345
-0.0010407490339612302,0.7129232699642141,0.31288261167645315,1.955882468943266
-0.09300560856997442,0.6506197791102586,1.0,4.751656001404442
1.0,0.5911971489205639,0.9657179523697854,22.18851209805984
0.995400820626847,-1.0,-0.6016484137584961,-12.337224144121326
0.4646407576361533,-0.15242687317054382,0.5286741359641876,0.6734570976298137
-0.19478744106317292,-0.38897483072941497,-0.3559971063535352,1.198080587683033
-0.6142481560350299,1.0,-0.6289592511728019,3.7885839679164843
-0.7197257821296581,-1.0,1.0,3.1897403184994566
-0.23734091779538313,0.08445281282958983,-0.8955037746033903,-0.45532599088287806
-1.0,-0.33258607524743544,-1.0,7.123982939368777
0.17048456417156,0.6808690571946596,-0.10411277500734584,1.160035164748568
-1.0,1.0,-0.1274586778916409,8.811380887497954
-0.0004238441719333075,-0.8396073117304896,0.9079364621016044,-3.0229871141012077
0.8533403944381979,-0.2341749011165284,-0.7129236456508881,3.4403659929090002
-0.6212536057573839,-0.4721081980776436,-1.0,-0.061886670214445494
-0.19143767811471069,-1.0,-0.6596827403313759,-2.372113619784769
-0.11057691682332438,-0.5399321973734512,-1.0,-5.801228413627145
-1.0,0.007672366670707476,0.5132812019068942,-4.354761663020599
-0.08155810680285436,0.6077317712458126,-0.5364167576146139,0.8415898946316998
0.4033498797275272,1.0,0.3220550225713279,7.486025377014181
1.0,-0.18300105616543072,-0.31502614490108183,4.793939360797046
-0.8063975544906532,-1.0,-0.04135191431908147,7.290829411063712
0.5698734145590254,-0.8095478141477803,-0.22727307725512702,1.6400718159558478
-0.6044310181304644,0.9365526769599004,-1.0,-2.4490641663125854
0.3727477132669841,0.30293973180211653,-0.28351975559695064,0.6506729915018441
0.205759126425769,0.43485553894060724,-0.2956230818384433,0.929714703091639
0.9445691273673245,0.4855174098315347,1.0,18.53286516960575
-0.6863736844173554,1.0,0.9885893433803334,15.018348324658211
0.23752290794763997,0.39404216060058306,-0.660010257149624,-0.426143025160693
0.22468844681449296,0.05282254516599161,0.6028212182698842,0.054206993846644624
-0.21161641395882191,-0.20801004446427052,1.0,1.0056583888143282
-0.21627193684007007,-0.6616084194488869,-1.0,-7.0844637602822775
0.17025343885880284,0.2941658339096349,-0.2583148718033883,0.7989434520887986
0.3558157189625004,-0.8701769835361322,-0.2133176947836828,1.6928462867106007
0.9467829410429158,-0.46735175280771757,0.5625532855173943,4.467934715049532
-0.5847054587203397,0.6182342959538161,0.39892145357212216,-1.854457508614333
-0.08175540355437283,-1.0,-0.02313633463748821,2.3200860632140925
0.8352795741430084,0.021813444451170616,-1.0,1.3289407876139019
-0.27614413348139366,-0.39730933714369976,-0.6069218119500452,0.4608549124877648
0.12329131296137219,-0.16497544062640457,-1.0,-3.2220578942911247
-0.008586576422007441,-0.12752796507755915,-0.23781174095036706,1.1884863419819913
0.8636825615044208,-1.0,-0.12437654268151244,-6.040147238196032
-0.24401825602125293,-0.4494359533368495,-1.0,-3.6498101582485254
0.23214562209832934,0.9887710060700237,-0.9998767533287849,4.17342708902748
-1.0,-0.6638908986535594,0.9944859762229983,12.651339301686042
-0.7023151189859842,-1.0,-0.003852017108845196,5.102387379907261
1.0,0.6783362913559621,-0.9998361891416507,15.784718914865602
-1.0,0.8398522863492333,1.0,12.702928728634468
0.6048113356148028,1.0,-1.0,9.032245883441384
0.009002652234943787,-1.0,0.5864859229590043,-0.0401630631824893
-0.20805843684400838,-0.39723139267149676,0.7851014186407828,0.2181422393963455
0.6267629884230788,0.2670005950016432,0.10710160440600514,1.5695713906446773
0.37513831836955513,-0.14107375646421283,0.5133790798452575,0.2859731375549517
1.0,1.0,-0.7014844047936291,26.229184665941688
0.5603063961146988,-0.2362870018273262,0.10214049785051738,1.690534942917115
-0.062031724277548106,0.701653580147261,1.0,6.5644263577559565
-0.2857990599349718,0.6532965162564166,1.0,5.054764197240848
0.21053553965914729,0.7227019950449747,0.026670252692463148,1.4995655689788945
0.7945241661264337,0.0003620388079672576,1.0,3.3497878732123736
-0.43951873925127627,0.18570233727142904,-1.0,-1.4492342498290713
-0.5117992016162924,0.9892476215668766,0.9694380019539792,13.247542979949717
-0.29793239523021864,-0.7263550471653089,0.26174064278563636,1.389778234041804
-1.0,-1.0,-0.6756674185236486,4.293173649716558
-1.0,-0.1511842612938532,0.11793549540332582,-3.566292467550781
-0.9640447161354877,0.41989190635580953,-1.0,12.717751081639513
-1.0,-0.17047690178103148,-1.0,8.059450398980312
0.4583603498645725,0.2134779735296759,-1.0,-3.361497914263577
-0.6384276657257042,-0.9824590798975277,-0.7645504585985661,-1.9368974145678757
-1.0,1.0,-0.07375615717723005,8.67000876531297
0.21350181382387956,0.9216788567030438,0.9447251395199645,8.520029296437402
1.0,-1.0,0.28277867715405614,-7.360356946841493
-0.8183070573146098,-0.19693702976422878,-1.0,3.951860036225571
-0.2802824706824143,-0.42559047466221767,0.6436356676742112,0.13705396380844156
0.13902655635705075,1.0,-0.08648459418727827,8.54409118116431
-0.4727597412429769,0.4252584694282442,0.9116096317648272,1.010349123073534
0.923551663166601,-0.5738942037378507,-0.08930924709546217,1.7679839506139627
1.0,1.0,0.5911867200669221,15.259662463582757
0.370841512983932,-0.7114823525651666,-0.45367930886426033,1.5819177928310373
1.0,-0.31402703759998296,0.5170262076010947,5.649213824199522
1.0,-0.30136106744680435,0.23150978297075575,5.2335766561724135
0.02285363745337965,0.9565184746665938,0.03199646472276396,5.956348467074317
-0.9459846525781452,-0.5989715902047126,-1.0,4.42402851345147
0.5166821065068004,0.9445133967190222,-0.2399874403874651,6.137731117466659
-0.5777923935960352,-0.6380125546731847,-0.06640977100102874,2.2626833513014724
-0.8848208202105403,0.2795956607097616,-0.6313809134317423,-0.30093265964393906
-0.600057400684497,-0.9901612749975954,-1.0,-9.079535410645477
0.8299688528018678,0.4117120572491675,-0.5434922944084093,1.6058422595799402
-0.12657194456865395,0.24853131887533508,-1.0,-3.377536842577471
-0.15088528166675275,1.0,-0.24611381806799826,8.076201336590653
0.4530670346392729,0.04014149162547276,1.0,0.17970181663574636
-1.0,0.47491868530154835,0.6244449864616413,-5.019197407380065
-0.4722331783860023,-0.09175571204004807,-1.0,-1.7069708076424028
-0.4497552415192907,-0.676820719217055,0.4532201420765123,0.4337364365338595
-0.32269011808550707,0.5593646995932957,-1.0,-3.7380266120907093
1.0,-1.0,-0.2548437011771436,-8.834067876204028
0.4100117995130772,-0.9043083755553156,0.640636529688819,0.6649862605634942
0.7559103291984604,0.01592426165993266,0.4021319851698486,2.909694851269832
0.18888291566638404,1.0,-0.4772450913520139,9.705823950002852
-0.5711057528387375,-1.0,0.05019291268765014,3.896444232542112
-0.5183013666907272,-0.2304413858494565,0.7402961339664254,0.63254525856876
0.49716039845607063,-0.040246338232070356,-0.13605540345153244,1.4547465049895283
0.4419169477894158,1.0,-1.0,6.319371644630799
0.31650787817514625,-0.8787352591532867,-1.0,-13.810103035927126
-0.1577408337396593,0.646041323213506,0.24727925538238438,0.3622483523237232
1.0,-0.01703270538076307,-0.19699864687806334,5.214185370053417
0.09944117935169783,-0.6648299767228467,0.26159237164239735,1.0232210729668179
1.0,-0.5009768499644298,1.0,4.136904666192285
0.45661587381283786,0.9716668474738468,-0.40709886206905255,8.493232935388166
-1.0,0.6512943370816526,-1.0,18.62130383791331
-0.33909570417751755,-0.4014191244712497,1.0,-0.3260452725904681
0.138123109820653,-0.8331295443082658,-0.23464472880575848,1.37133186712561
-0.7438728349274044,0.8956241716289226,0.23260275254378526,-0.2382669952471403
0.30784378546304025,-1.0,-1.0,-19.693906690112616
0.47536351252495623,0.3859220721990184,0.9880531992897004,2.36072387015915
0.5176518601051587,-1.0,0.49697060786231306,-0.19842309813218778
0.6978250793801446,-0.7241331096796275,-0.10165579466839603,1.6928419848147693
0.5277765711269258,-0.23433541006987935,-0.10842440865076108,1.6257189943128445
-0.88037624533937,1.0,0.18259293266665333,3.0717065341019665
0.2775762408062823,0.23678665618186145,0.04966927891967088,1.5681089575101486
0.6617066331732278,0.10623073865727362,-0.15520673708147936,1.9532969638181943
-0.552047152181665,1.0,1.0,16.591564821554496
-0.09097431835654324,-0.7858136835998526,-0.030416417374395266,1.394492418343174
-0.19230988068985044,0.3275372533358809,0.5841409002716937,0.7061129307227826
1.0,-0.8520190734502686,0.2753177895613055,-1.0831058466105732
0.06520885148251376,0.0009283608783883235,0.8563022606127302,-1.1246589739808697
0.7035679792790619,-0.7579406196900635,-0.39223451515005836,0.012408864698723598
0.5329356766664639,0.6362858495315544,0.20423252213141474,1.84265184002841
0.04361302502012698,-0.11677124092354707,0.49084748642112164,0.02157829886313517
-1.0,0.043206246386753744,-0.17419540591292515,-4.0045311970169815
-1.0,-0.9964168855123132,0.21766350364757914,9.864746269602179
0.6723082159983724,-0.7250230624676548,-0.543825528491211,1.2703826334057178
0.905602518358986,1.0,-0.9970846165475384,26.373046933192406
-0.6490596361660697,0.067720507575181,-0.049250612401310345,-1.4922630102670427
1.0,0.6904700525977345,0.4927978944684237,11.348394487667226
-0.2444963102479054,1.0,-0.3159708296989914,7.631554695977259
-0.25967790128558743,0.01786882054742267,0.2579819106467378,-0.7173763216896062
-1.0,-1.0,0.44834731343910694,10.988078798931339
-0.9118899711279433,-1.0,-0.9983371842455322,1.2266208778266785
-0.27021877069326394,0.10067900501023574,-0.2807244489020997,0.5400501187042704
0.11632185844749898,-0.8966468325359072,0.2767006566799204,1.8327431146582407
0.9930580359090677,1.0,-1.0,38.00554880818627
-0.06855018217881192,-1.0,1.0,-6.648470473311991
0.7279707004715565,-0.013729001467345459,0.10640391396496196,1.4304413525260073
-0.5480380545905046,-0.21495059186120935,0.8104416773473919,0.4914011204215278
0.3365665940931999,0.2452320139427202,0.2642426119840866,0.966551327556881
0.27970260255956947,1.0,0.825754662395479,9.915509479591805
-0.23083693213535805,0.42007341985738256,0.1685286001417079,-0.4198052845298845
-1.0,-1.0,-1.0,3.071136390262393
-0.5191535671769874,-1.0,0.7245680471391647,2.876759561019999
-0.038916920394664656,1.0,0.8798459101169112,10.827480063851523
-0.6882045500726388,-0.7706839905774725,0.30685182505163855,1.5092527200253805
-1.0,0.4640367921396453,-1.0,17.13406617622785
-0.2034642419395103,-1.0,0.9510033658346002,-4.313933250352184
0.25455446865665654,0.3818244348483957,-0.30446896296532366,0.3029779128410026
0.6417897661582621,-0.13662965646567637,1.0,-0.9024447809303862
1.0,-0.16554124764448352,-1.0,6.933663370581036
-0.39048763993789226,0.8180256448298509,0.041512333702438786,0.002936888750674771
0.09758060315383288,-0.4469189182420492,0.5046203520392942,0.8513733781792729
0.03705960753788995,-0.19594534230910776,-0.6646668560623696,0.0750633937056101
-0.4847007529099614,0.46148156226222925,0.3919243779713437,-1.8794809036304903
-0.7116946073668762,0.6157878592144772,0.1227736043642984,-1.737365323308228
0.8367582647117651,-0.1241267811675979,-0.6865656729714233,3.099974607534181
-0.8377602101586334,-1.0,-1.0,-2.509529832721491
0.5294328419174117,-1.0,-0.9837726027856588,-21.76184567669421
-0.7190396788598492,0.82439859753955,0.6716788589350429,0.6340483984317781
-0.06794867909184998,0.16066389516982738,-0.7036347242306875,0.6091167027306839
1.0,-0.03593933859512832,-0.43639117697446017,4.870010649262632
-0.5606888495393527,-0.08895934601748534,-0.19043613392929792,-0.8153881399373897
0.1367961578916017,-0.41503734650382795,-0.04813347823435854,1.2229409767383415
-0.7006845619754583,0.35537085865393037,-0.08772831371665113,-2.481373609172497
-0.5107794988319254,0.35795372737665754,-1.0,-2.4831576933735713
0.1870004906740259,0.0702838981558247,0.2795162336231518,0.9824455230098722
0.980716581091615,1.0,-0.9487867136218715,34.318841946366305
-0.30556397267662616,0.6702155335032705,0.9322095966876056,3.736084769881625
0.22341659523653368,0.5168394584130434,-0.40334371720058515,0.5951756978696295
-0.2545213442773073,0.6674510488993148,0.13384087197084216,-1.5562318370433008
0.5515773286027377,0.26537942120632096,0.4464744051971583,1.8033350415383054
-0.15033129274689894,0.6532139881954708,-0.06036698226578752,-0.379185653483854
-0.809675993235683,-1.0,-0.49906740357561574,4.319282517730747
-0.13280553741151224,-0.40554573333616895,-0.02853135296524978,-0.13593926836535686
0.7756399577825823,-0.1851227428795208,0.3764447201578158,2.95284706743941
1.0,1.0,-1.0,39.23959315062495
0.15972774169095239,-0.07581747542730866,0.45663502989826177,1.1864338139270083
-1.0,-0.6026146838359523,0.7194616030412495,3.5580979662720624
0.5179487444791739,-0.7500258736391066,1.0,-4.173978657737883
0.09019313787899308,0.4364642154327152,0.5267566589721635,0.4578435910431644
-0.6933855659721093,1.0,1.0,15.939940262562532
-1.0,-0.7985142104804752,0.8450157408989771,11.323144261259953
-0.004569565533386166,-1.0,0.9124175896140261,-4.3943542264023225
-0.15886675508670955,-0.15580158103469288,1.0,0.2604009357212771
1.0,-1.0,0.6938324798141733,-5.343759160626526
-1.0,-0.25082449175931787,-0.685313880337689,-0.13326456244512824
-0.2533750465757707,-0.8570108885000689,0.3112498424403567,2.056916120414913
-1.0,-0.3922048048640028,-1.0,7.053871451553658
-0.5815925782283617,-1.0,-1.0,-10.575413436967748
-0.3791741130763615,-0.9553125779294263,-0.6278687402101615,-0.07351735635074158
-0.44192117204671266,0.356463391504908,0.40862400091175965,-0.7908555864380704
-1.0,-0.16287952201192657,1.0,4.973631115477225
0.2709928418135179,0.14137339267816484,0.09645948727178344,0.47517069332373696
-1.0,1.0,0.19280579331589065,4.228281001984636
0.5028117246898995,0.017238073426988798,0.016408251067651092,0.7991239689824096
1.0,-0.16042193158803242,-0.1006591203810836,4.1977975348028105
-0.8171848211897919,0.17494900495904253,-0.11158231849190448,-2.594190893147853
-0.6068245612583811,0.6956742950600174,-1.0,-3.013473659990547
-0.06731233525709701,-1.0,1.0,-6.337536950865366
-0.6484375312858968,0.5946028788344031,-0.40738131221062934,-2.018938879469114
-0.028610396766026724,-0.2955491904795615,-0.6450093365167975,0.6506861326190578
-1.0,-1.0,-0.4566084635497374,5.317406592622878
-0.8994504300703325,-1.0,0.1122597460992667,8.337150787094766
0.09053975289805005,-0.021445108274057656,0.2722807166872674,1.2170826727294117
1.0,1.0,-1.0,39.222903247917806
0.635014735039173,-0.6603124294541176,0.4030172843684907,0.9063039775707282
-0.08025331866025542,-0.7141724818108113,0.2707840880462724,1.533229409418276
-0.2690960015854844,0.24545207873972674,-0.13443881830957105,-0.22535064589486675
-1.0,0.22817804612932768,-1.0,14.351872820787834
0.6048173034124518,0.790618987146722,-1.0,0.3497345260493765
-0.5395062753474968,0.24839538260561844,-0.730219534932464,-1.0175413610103963
0.09746113431346926,0.6895543595446045,1.0,5.910076948194751
-1.0,0.8814604400215902,-1.0,21.05868382648396
-0.39894419202368514,0.0061719802187929496,1.0,1.6833301329940116
-0.705456697731903,-0.06978913989670299,-0.5287974597520564,0.2873794125974518
-0.42849918816539234,0.16616303593248793,-0.9562640299350007,-1.196303688317559
-0.5113025561768305,0.32903402334735876,1.0,2.78211803045897
0.3505111690579177,-0.31661731498883605,0.26359396134869373,0.7360635695458841
-0.9059129769943794,0.1020489245074736,-0.6459313889107929,0.26001470513390057
-0.19581397176139226,-0.2399943520462937,0.9620123718557281,-0.18609154730043578
-0.7033168671866636,-1.0,0.5404167477286277,5.1427352723997295
0.5149550008865209,-0.47742077102587377,0.31404715391330984,0.8615361419362889
1.0,-0.0817911753106697,1.0,10.849983891394976
1.0,1.0,0.6495606792663038,15.474640749840566
-0.7907656450588247,0.08708542446435952,-0.8260264305480243,1.710060683891353
1.0,1.0,-0.20999846459064875,15.943299435636137
0.425925138318213,-0.8258063875913746,-0.29742317790075434,0.7236101902382044
-1.0,-0.6686129671026515,-0.18454044936284086,-0.06937390446326042
-1.0,-0.27266466887746743,-0.18781848856991368,-2.85606643901862
0.2255820021382211,1.0,-0.8042454878843734,10.673819743273073
-0.3535877816639157,-1.0,0.18138917329121518,2.93553378346157
0.7730339402464126,-0.38681741065408115,-0.23642166956362987,1.5504050556758306
-0.44797413199243996,-0.513772890545324,0.2750100224043457,0.4248639378008743
-1.0,-0.047451845329627096,0.37380003644510595,-4.552742915820847
-1.0,0.5105977578520937,0.5897926530656448,-4.303125188459621
-0.5042229458074619,-0.24330124310688572,-0.7666249114273496,0.23185812570086867
-0.6418343953739813,-0.6139845480401256,0.09757478753666571,1.7993778286854278
-0.6563285564707235,-0.3781425777862013,-0.01697635339550252,0.49067539324609666
0.7897451149865351,0.23005611929945102,1.0,6.262464797157297
1.0,-1.0,0.9604484562214577,-8.228827511252256
1.0,0.2111479463128907,-0.43998052575881563,4.529223208202595
0.5547183298156861,0.9965647858325382,0.11087032493280291,7.3466505472236445
-0.09521968399352398,0.7480524666839954,-0.6538321367812732,0.8262822328345917
-0.27740098041831307,0.267318771881907,-0.2968511634131692,-0.20902774165425592
-0.4019065766797598,0.17572564444893124,1.0,1.423241099853912
1.0,0.3173873470116104,-0.954414290519777,10.149470614529816
0.3833448438033791,0.662480525875278,-1.0,-3.017359784636804
1.0,0.41751895655431226,-0.547719423607288,5.468587439395829
-1.0,-0.1286270950249928,-1.0,9.49113974381011
-0.21904986963910011,-0.2666353194566038,0.9520973779573503,-0.7051184811704028
1.0,0.6951069477831617,0.048324095692923175,8.268906923837203
0.5896294280249232,-0.11956565670393204,-0.09042132207433307,1.6537521863659719
-0.3339872940499231,0.5201798885701236,0.8462750820763147,1.1598663283933632
-1.0,1.0,0.6631525028417327,1.4900161210342184
-1.0,1.0,-0.05975112171000618,7.794057978954166
-0.5439385704533961,-0.13253619597162136,0.6328588332284368,-0.42418356779237154
1.0,-0.6109353615197965,-0.14402509808474462,3.123404701302048
-0.11652808194641606,1.0,0.2197355307721085,6.62169090038436
0.5519219249817044,0.8160270847565567,0.21188952610666978,2.616990601355969
0.9794533698707681,1.0,0.015059894347835945,13.35665592794021
-0.5243149235286255,-0.7862019703922751,1.0,0.755504618858627
0.17545385383150913,-0.655260057695191,-1.0,-8.001744468077156
0.08038362782114938,0.9474484579014011,0.880965054120117,8.547211272280405
-0.9099116369298641,-1.0,0.3298688712967621,9.255089486292142
-1.0,-0.36253894863372427,0.34938526347329035,-1.7439297322537024
1.0,0.6219864819962699,-0.1199208966773937,6.690756275832006
1.0,-0.34028016134986694,-1.0,4.136228515092565
1.0,-1.0,-0.14566122048604102,-8.758635781161518
1.0,-1.0,0.16036320041270313,-7.887919933731197
-0.08509069335448038,-0.853199565389299,0.983811003848059,-3.2361845770531263
0.7265468361016543,0.47341609812401253,-0.8534412165697607,0.9850500368008115
1.0,-0.2474170938084157,0.7593029073739423,7.246077412567213
0.7226256882478739,0.6164865882489006,-0.7864050458785405,2.148590953485074
-0.08468939666152386,1.0,-0.5565514741505573,8.97836828626155
-0.333214490064081,-0.9572794902357806,0.035657135186392575,3.124667434789613
-0.5710323513905884,1.0,-0.01860267451920583,4.471884971619961
-0.8098072372665202,1.0,0.6428519754868984,3.7194069920740613
-0.4779983816925597,0.7470188549474313,-0.688004070061687,-1.2149746976344955
0.8454750903156854,0.863581066748228,-0.03952619916658784,6.32079685022999
0.7315373538795504,-0.6556449365392552,-0.3351875222120082,0.9452720777129897
-0.6984416265628577,0.13761500478050648,-1.0,2.458264087922908
-1.0,0.21802989085040814,-0.16900747378643377,-3.1850182960936935
1.0,-0.2743778466804845,-1.0,5.688137220442362
-0.4236971783573811,0.02962688470267838,1.0,1.3690709996436274
-0.023519271571633693,-0.08779569007083676,0.5303186948153977,0.3582194753757862
-0.9170389775283647,-0.37237056208541097,0.8578383164319567,2.74079552399845
-0.21790536235564795,0.29982511589754646,-0.6662360886348997,-0.9175134827025897
0.25225512902784386,-0.7291247802118388,-0.7388154364326263,-1.423951505366442
-1.0,0.8058525326959862,1.0,10.842264474868847
1.0,-0.00321032305568969,-0.6346448769657465,5.03102879535918
0.022751059491252335,0.9894428727212425,-0.0465544364737962,8.025418249181705
-0.30275952497701186,0.8751952244341679,-0.3438151390690418,2.898079645582419
1.0,0.8665866519213459,-0.3105023621634757,10.800588814583003
-1.0,0.20394716766812215,0.050897300205775764,-4.205081814478934
0.7940935576777426,0.6031321518625425,0.05789281482106401,2.5747650436458467
-0.36126561518325473,-0.17194930743184234,-0.006348135923687437,0.0612077178847005
1.0,1.0,0.6776878430201954,15.298643956013755
-0.8116194652254463,-1.0,-0.29873399128034994,5.17026157263011
0.5562079493392564,-0.49382556093244445,-0.4794552748799388,1.222550463629289
-0.9778086383245306,1.0,0.9365387860309777,11.431988561637084
-1.0,-0.8057023886987185,0.530006196120427,6.916234769371812
-0.8914621046904736,-0.32392313634023795,-0.1279443184999136,-1.6951578674703436
0.30367770392470916,-0.05216962976091488,0.9517803858690501,-0.4289945165981241
1.0,-0.950221975066893,0.6244154019082935,-3.2923220977955836
-0.7638371965828508,1.0,-1.0,2.618079062098865
0.31927543039935435,-0.35472340936494895,-1.0,-4.593188270183742
-0.2855390883577491,1.0,-0.28009649532391645,7.391377713368523
0.6045135574383256,-0.39447797667044315,-0.8065717637900474,-0.6877350007896594
0.3641618513478404,-0.11177614263160773,1.0,-0.6318564102362011
-0.18696627827053103,-1.0,-1.0,-14.980642564066075
1.0,-0.3868812686939036,0.8436694233108273,6.432974744898748
-0.5093589812910315,-1.0,-1.0,-11.786007134850227
0.43226281182114734,0.07463264079894838,1.0,-0.5646892066407664
-0.5779233152324008,0.8574822786408203,0.5933177445937705,1.3824898335931761
0.2910477138314591,0.15211999570893342,-1.0,-3.1900188032394783
-1.0,0.8860755728447591,-0.7279442127625202,9.518092182864605
-0.8994974026812452,1.0,0.015804858410588984,3.5750958558888124
-0.34191623881645117,1.0,-0.011178997137519131,6.75513957020848
-0.7359327207838275,1.0,0.7840329556431029,5.5565856744792255
1.0,0.30328798920402034,-0.010534690477711717,6.23669083772642
-1.0,0.9981285441577614,-0.09458619146726943,8.415130836836818
-0.49663489475414435,-0.5476809197436594,0.3295076376378152,0.23423033922455638
1.0,-0.5854561638011955,1.0,3.3326482918957825
-0.7924960275268853,-0.14657471265577504,-0.48114167981161216,-0.09154127453288657
0.7374065192892294,-1.0,0.5751226351333569,-1.9966937168717167
0.8727822849124625,-0.11452440089521532,1.0,4.456760365885447
-0.6558272234524563,0.5341097456746995,0.8181677492272792,0.39036509219225446
0.26584948801417196,0.7692768141723771,-0.5411138956978485,1.9331995896696637
-0.28395200628355144,-0.9849722586288059,0.7843510625628267,-0.9099097428514578
